Source ID,Target ID
WholeBody_PETCT_1285b86bea-0_0000,BDMAP_00029968
WholeBody_PETCT_147a9fcff3-0_0000,BDMAP_00029969
WholeBody_PETCT_06a46414eb-0_0000,BDMAP_00029970
WholeBody_PETCT_13f476b02b-0_0000,BDMAP_00029971
WholeBody_PETCT_04ab5c61c9-0_0000,BDMAP_00029972
WholeBody_PETCT_02ba7e20f5-0_0000,BDMAP_00029973
WholeBody_PETCT_0011f3deaf-0_0000,BDMAP_00029974
WholeBody_PETCT_0168f65af8-0_0000,BDMAP_00029975
WholeBody_PETCT_15cfa01130-0_0000,BDMAP_00029976
WholeBody_PETCT_06e7c24059-0_0000,BDMAP_00029977
WholeBody_PETCT_01682f60c3-0_0000,BDMAP_00029978
WholeBody_PETCT_04606080a0-0_0000,BDMAP_00029979
WholeBody_PETCT_01140d52d8-0_0000,BDMAP_00029980
WholeBody_PETCT_0117d7f11f-0_0000,BDMAP_00029981
WholeBody_PETCT_09ee00bdc6-0_0000,BDMAP_00029982
WholeBody_PETCT_099b3fd402-0_0000,BDMAP_00029983
WholeBody_PETCT_07574bfa00-0_0000,BDMAP_00029984
WholeBody_PETCT_08212d7f6c-0_0000,BDMAP_00029985
WholeBody_PETCT_08cdb15e0b-0_0000,BDMAP_00029986
WholeBody_PETCT_0b98dbe00d-0_0000,BDMAP_00029987
WholeBody_PETCT_0b57b247b6-0_0000,BDMAP_00029988
WholeBody_PETCT_05808cf24e-1_0000,BDMAP_00029989
WholeBody_PETCT_0f4ee9e078-0_0000,BDMAP_00029990
WholeBody_PETCT_0e2034240b-0_0000,BDMAP_00029991
WholeBody_PETCT_0cda25453b-0_0000,BDMAP_00029992
WholeBody_PETCT_0beb67c923-0_0000,BDMAP_00029993
WholeBody_PETCT_154e94256c-0_0000,BDMAP_00029994
WholeBody_PETCT_04a4e1c874-0_0000,BDMAP_00029995
WholeBody_PETCT_16cdbc8689-0_0000,BDMAP_00029996
WholeBody_PETCT_15f4b7254f-0_0000,BDMAP_00029997
WholeBody_PETCT_14f931f634-0_0000,BDMAP_00029998
WholeBody_PETCT_15f4b7254f-1_0000,BDMAP_00029999
WholeBody_PETCT_15a205ffcc-0_0000,BDMAP_00030000
WholeBody_PETCT_185da4c8b6-0_0000,BDMAP_00030001
WholeBody_PETCT_17d334cb6c-0_0000,BDMAP_00030002
WholeBody_PETCT_11afab3485-0_0000,BDMAP_00030003
WholeBody_PETCT_0f44cec2e6-0_0000,BDMAP_00030004
WholeBody_PETCT_12025abab5-0_0000,BDMAP_00030005
WholeBody_PETCT_1472967bef-0_0000,BDMAP_00030006
WholeBody_PETCT_0ea07b421b-0_0000,BDMAP_00030007
WholeBody_PETCT_108c1763d4-0_0000,BDMAP_00030008
WholeBody_PETCT_11e258cc1f-0_0000,BDMAP_00030009
WholeBody_PETCT_119165872d-0_0000,BDMAP_00030010
WholeBody_PETCT_1291700093-0_0000,BDMAP_00030011
WholeBody_PETCT_14c4d2c208-0_0000,BDMAP_00030012
WholeBody_PETCT_1253499c80-0_0000,BDMAP_00030013
WholeBody_PETCT_13d0984c93-0_0000,BDMAP_00030014
WholeBody_PETCT_13b40a817b-0_0000,BDMAP_00030015
WholeBody_PETCT_0fa313309d-0_0000,BDMAP_00030016
WholeBody_PETCT_1019ae8551-0_0000,BDMAP_00030017
WholeBody_PETCT_21e4ffcb52-0_0000,BDMAP_00030018
WholeBody_PETCT_22d07bdc49-0_0000,BDMAP_00030019
WholeBody_PETCT_2202a936e0-0_0000,BDMAP_00030020
WholeBody_PETCT_21853fc15b-0_0000,BDMAP_00030021
WholeBody_PETCT_223f70f0b0-0_0000,BDMAP_00030022
WholeBody_PETCT_249dd35d0c-0_0000,BDMAP_00030023
WholeBody_PETCT_249c02c01c-0_0000,BDMAP_00030024
WholeBody_PETCT_245182006a-0_0000,BDMAP_00030025
WholeBody_PETCT_275fb00a66-0_0000,BDMAP_00030026
WholeBody_PETCT_29ab45ef17-0_0000,BDMAP_00030027
WholeBody_PETCT_27d69a8466-0_0000,BDMAP_00030028
WholeBody_PETCT_27ad42f8a9-0_0000,BDMAP_00030029
WholeBody_PETCT_2b29531d8c-0_0000,BDMAP_00030030
WholeBody_PETCT_2a78eed085-0_0000,BDMAP_00030031
WholeBody_PETCT_335a00191d-0_0000,BDMAP_00030032
WholeBody_PETCT_350e91119a-0_0000,BDMAP_00030033
WholeBody_PETCT_2dac5ef654-0_0000,BDMAP_00030034
WholeBody_PETCT_2ce074c2ea-0_0000,BDMAP_00030035
WholeBody_PETCT_323cc5aff8-0_0000,BDMAP_00030036
WholeBody_PETCT_32aa845af1-1_0000,BDMAP_00030037
WholeBody_PETCT_36870de2f2-0_0000,BDMAP_00030038
WholeBody_PETCT_2dc17aaeaf-0_0000,BDMAP_00030039
WholeBody_PETCT_37472e737f-0_0000,BDMAP_00030040
WholeBody_PETCT_2f9aec0275-0_0000,BDMAP_00030041
WholeBody_PETCT_321bba14bc-0_0000,BDMAP_00030042
WholeBody_PETCT_2f7200f771-0_0000,BDMAP_00030043
WholeBody_PETCT_1a1712f7d0-1_0000,BDMAP_00030044
WholeBody_PETCT_2e97a9e5c2-0_0000,BDMAP_00030045
WholeBody_PETCT_3049d4f1a4-0_0000,BDMAP_00030046
WholeBody_PETCT_31ddf5013a-0_0000,BDMAP_00030047
WholeBody_PETCT_30c4b7062b-0_0000,BDMAP_00030048
WholeBody_PETCT_1a1712f7d0-0_0000,BDMAP_00030049
WholeBody_PETCT_18e8b02af3-0_0000,BDMAP_00030050
WholeBody_PETCT_1a1712f7d0-2_0000,BDMAP_00030051
WholeBody_PETCT_19838cb8e5-0_0000,BDMAP_00030052
WholeBody_PETCT_19b68a666b-0_0000,BDMAP_00030053
WholeBody_PETCT_30001118d0-0_0000,BDMAP_00030054
WholeBody_PETCT_36bb0257fc-0_0000,BDMAP_00030055
WholeBody_PETCT_380f71df1e-0_0000,BDMAP_00030056
WholeBody_PETCT_1b199d094d-0_0000,BDMAP_00030057
WholeBody_PETCT_37952b7ffb-0_0000,BDMAP_00030058
WholeBody_PETCT_35c9c85a96-0_0000,BDMAP_00030059
WholeBody_PETCT_39159c05c2-0_0000,BDMAP_00030060
WholeBody_PETCT_35c9c85a96-1_0000,BDMAP_00030061
WholeBody_PETCT_1b1bdfc35b-0_0000,BDMAP_00030062
WholeBody_PETCT_3b73c2480a-0_0000,BDMAP_00030063
WholeBody_PETCT_32aa845af1-0_0000,BDMAP_00030064
WholeBody_PETCT_3b26172779-0_0000,BDMAP_00030065
WholeBody_PETCT_3a4be713a1-0_0000,BDMAP_00030066
WholeBody_PETCT_3c3050f75e-0_0000,BDMAP_00030067
WholeBody_PETCT_3b1c9155f5-0_0000,BDMAP_00030068
WholeBody_PETCT_3ba0277c0c-0_0000,BDMAP_00030069
WholeBody_PETCT_3eac8f16d4-0_0000,BDMAP_00030070
WholeBody_PETCT_3f5a9f616f-0_0000,BDMAP_00030071
WholeBody_PETCT_1f6b6b0548-0_0000,BDMAP_00030072
WholeBody_PETCT_41472f5ce9-0_0000,BDMAP_00030073
WholeBody_PETCT_43323b7d42-0_0000,BDMAP_00030074
WholeBody_PETCT_41fadf6520-0_0000,BDMAP_00030075
WholeBody_PETCT_3d6f425a76-0_0000,BDMAP_00030076
WholeBody_PETCT_42e9f16c09-0_0000,BDMAP_00030077
WholeBody_PETCT_40f0749cb7-0_0000,BDMAP_00030078
WholeBody_PETCT_3c71e8f518-0_0000,BDMAP_00030079
WholeBody_PETCT_3fd361ec14-0_0000,BDMAP_00030080
WholeBody_PETCT_4250de48c8-0_0000,BDMAP_00030081
WholeBody_PETCT_4076ea9a15-0_0000,BDMAP_00030082
WholeBody_PETCT_44b08f570e-0_0000,BDMAP_00030083
WholeBody_PETCT_3708f576ec-0_0000,BDMAP_00030084
WholeBody_PETCT_4011ffe8ae-0_0000,BDMAP_00030085
WholeBody_PETCT_36d8219e3f-0_0000,BDMAP_00030086
WholeBody_PETCT_1bb48bfb40-0_0000,BDMAP_00030087
WholeBody_PETCT_40a125468a-0_0000,BDMAP_00030088
WholeBody_PETCT_442a09f90e-0_0000,BDMAP_00030089
WholeBody_PETCT_465176d213-0_0000,BDMAP_00030090
WholeBody_PETCT_43647ff727-0_0000,BDMAP_00030091
WholeBody_PETCT_456e6f9dc2-0_0000,BDMAP_00030092
WholeBody_PETCT_46ee4ddd68-0_0000,BDMAP_00030093
WholeBody_PETCT_1fc35d02da-0_0000,BDMAP_00030094
WholeBody_PETCT_4848bebb10-0_0000,BDMAP_00030095
WholeBody_PETCT_456d14846b-0_0000,BDMAP_00030096
WholeBody_PETCT_3c3ee87fc6-0_0000,BDMAP_00030097
WholeBody_PETCT_47cd731006-0_0000,BDMAP_00030098
WholeBody_PETCT_4a255db7bd-0_0000,BDMAP_00030099
WholeBody_PETCT_4be28f9cd7-0_0000,BDMAP_00030100
WholeBody_PETCT_49479d6e64-0_0000,BDMAP_00030101
WholeBody_PETCT_4dcf62f869-0_0000,BDMAP_00030102
WholeBody_PETCT_4b688f46b0-0_0000,BDMAP_00030103
WholeBody_PETCT_49f3d297b0-0_0000,BDMAP_00030104
WholeBody_PETCT_527c5afc5d-0_0000,BDMAP_00030105
WholeBody_PETCT_4c9e7be363-0_0000,BDMAP_00030106
WholeBody_PETCT_424e9b79c5-0_0000,BDMAP_00030107
WholeBody_PETCT_5255c79083-0_0000,BDMAP_00030108
WholeBody_PETCT_510fb36781-0_0000,BDMAP_00030109
WholeBody_PETCT_1fe6e48293-0_0000,BDMAP_00030110
WholeBody_PETCT_53a0610615-0_0000,BDMAP_00030111
WholeBody_PETCT_4f7a8f41c0-0_0000,BDMAP_00030112
WholeBody_PETCT_4d7b745a7b-0_0000,BDMAP_00030113
WholeBody_PETCT_5060603ba4-0_0000,BDMAP_00030114
WholeBody_PETCT_53dad1785b-0_0000,BDMAP_00030115
WholeBody_PETCT_4c75fa4a5d-0_0000,BDMAP_00030116
WholeBody_PETCT_55ae7986e1-0_0000,BDMAP_00030117
WholeBody_PETCT_544676de40-1_0000,BDMAP_00030118
WholeBody_PETCT_548213edf7-0_0000,BDMAP_00030119
WholeBody_PETCT_59309d6625-0_0000,BDMAP_00030120
WholeBody_PETCT_5a58935b68-0_0000,BDMAP_00030121
WholeBody_PETCT_548bd05667-0_0000,BDMAP_00030122
WholeBody_PETCT_55ca11402a-0_0000,BDMAP_00030123
WholeBody_PETCT_5c55b3087d-0_0000,BDMAP_00030124
WholeBody_PETCT_5c35fcbe89-0_0000,BDMAP_00030125
WholeBody_PETCT_581fa95eb0-0_0000,BDMAP_00030126
WholeBody_PETCT_5d6bf1e75f-0_0000,BDMAP_00030127
WholeBody_PETCT_556b56485a-0_0000,BDMAP_00030128
WholeBody_PETCT_5c1baad5d8-0_0000,BDMAP_00030129
WholeBody_PETCT_59e6d1de22-0_0000,BDMAP_00030130
WholeBody_PETCT_4404466919-0_0000,BDMAP_00030131
WholeBody_PETCT_5d10be5b89-0_0000,BDMAP_00030132
WholeBody_PETCT_48cb8662f7-0_0000,BDMAP_00030133
WholeBody_PETCT_4cb875dc0b-0_0000,BDMAP_00030134
WholeBody_PETCT_5d553bf6b4-0_0000,BDMAP_00030135
WholeBody_PETCT_5ef99b0b6b-0_0000,BDMAP_00030136
WholeBody_PETCT_5de3ac617a-0_0000,BDMAP_00030137
WholeBody_PETCT_5ac322455f-0_0000,BDMAP_00030138
WholeBody_PETCT_5cf118ac06-0_0000,BDMAP_00030139
WholeBody_PETCT_5e0bc6cdda-0_0000,BDMAP_00030140
WholeBody_PETCT_4c670a5445-0_0000,BDMAP_00030141
WholeBody_PETCT_5e8b013935-0_0000,BDMAP_00030142
WholeBody_PETCT_4776e75543-0_0000,BDMAP_00030143
WholeBody_PETCT_60baa6979c-0_0000,BDMAP_00030144
WholeBody_PETCT_6170317f2e-0_0000,BDMAP_00030145
WholeBody_PETCT_5d994c3f44-0_0000,BDMAP_00030146
WholeBody_PETCT_5e2da717db-0_0000,BDMAP_00030147
WholeBody_PETCT_5f569fb737-0_0000,BDMAP_00030148
WholeBody_PETCT_63508c679d-0_0000,BDMAP_00030149
WholeBody_PETCT_61663450f8-0_0000,BDMAP_00030150
WholeBody_PETCT_62011ff15b-0_0000,BDMAP_00030151
WholeBody_PETCT_605369e88d-0_0000,BDMAP_00030152
WholeBody_PETCT_61348439bf-0_0000,BDMAP_00030153
WholeBody_PETCT_65a1330e90-0_0000,BDMAP_00030154
WholeBody_PETCT_63dd9503eb-0_0000,BDMAP_00030155
WholeBody_PETCT_62405d117c-0_0000,BDMAP_00030156
WholeBody_PETCT_1956667fce-1_0000,BDMAP_00030157
WholeBody_PETCT_644d80e987-0_0000,BDMAP_00030158
WholeBody_PETCT_685d7c09b5-0_0000,BDMAP_00030159
WholeBody_PETCT_62b114e09b-0_0000,BDMAP_00030160
WholeBody_PETCT_1a90052cb2-0_0000,BDMAP_00030161
WholeBody_PETCT_6543c58e13-0_0000,BDMAP_00030162
WholeBody_PETCT_68f73c4518-0_0000,BDMAP_00030163
WholeBody_PETCT_68b75093c5-0_0000,BDMAP_00030164
WholeBody_PETCT_65bd1a4c38-0_0000,BDMAP_00030165
WholeBody_PETCT_68a7ade33c-0_0000,BDMAP_00030166
WholeBody_PETCT_1f65acff65-0_0000,BDMAP_00030167
WholeBody_PETCT_661ddc60e0-0_0000,BDMAP_00030168
WholeBody_PETCT_6aea5c3a03-0_0000,BDMAP_00030169
WholeBody_PETCT_62ced197ca-0_0000,BDMAP_00030170
WholeBody_PETCT_64909533c5-0_0000,BDMAP_00030171
WholeBody_PETCT_1fcfa34d10-0_0000,BDMAP_00030172
WholeBody_PETCT_6a3477cd9a-0_0000,BDMAP_00030173
WholeBody_PETCT_20995a0fe1-0_0000,BDMAP_00030174
WholeBody_PETCT_6c469107a0-0_0000,BDMAP_00030175
WholeBody_PETCT_20a607649d-0_0000,BDMAP_00030176
WholeBody_PETCT_2140db0ca5-0_0000,BDMAP_00030177
WholeBody_PETCT_6d6a193655-0_0000,BDMAP_00030178
WholeBody_PETCT_23ed525e82-0_0000,BDMAP_00030179
WholeBody_PETCT_6fe855c937-0_0000,BDMAP_00030180
WholeBody_PETCT_25707f94a2-0_0000,BDMAP_00030181
WholeBody_PETCT_74bbceaeeb-0_0000,BDMAP_00030182
WholeBody_PETCT_2a6f4f0753-0_0000,BDMAP_00030183
WholeBody_PETCT_2b60c8135a-0_0000,BDMAP_00030184
WholeBody_PETCT_7147385005-0_0000,BDMAP_00030185
WholeBody_PETCT_2d70838805-0_0000,BDMAP_00030186
WholeBody_PETCT_2e44706eaf-0_0000,BDMAP_00030187
WholeBody_PETCT_6e7c7f8087-0_0000,BDMAP_00030188
WholeBody_PETCT_72ee9ec897-0_0000,BDMAP_00030189
WholeBody_PETCT_7094acd4c0-0_0000,BDMAP_00030190
WholeBody_PETCT_7323c415d0-0_0000,BDMAP_00030191
WholeBody_PETCT_6efefcb92a-0_0000,BDMAP_00030192
WholeBody_PETCT_6c23f2686d-0_0000,BDMAP_00030193
WholeBody_PETCT_6d62e15c29-0_0000,BDMAP_00030194
WholeBody_PETCT_760c77b289-0_0000,BDMAP_00030195
WholeBody_PETCT_742a9413db-0_0000,BDMAP_00030196
WholeBody_PETCT_77bceab232-0_0000,BDMAP_00030197
WholeBody_PETCT_73fda3a382-0_0000,BDMAP_00030198
WholeBody_PETCT_7948aa0e26-0_0000,BDMAP_00030199
WholeBody_PETCT_790246c76c-0_0000,BDMAP_00030200
WholeBody_PETCT_642d6c78d6-0_0000,BDMAP_00030201
WholeBody_PETCT_76ebd5c736-0_0000,BDMAP_00030202
WholeBody_PETCT_7a77b26403-0_0000,BDMAP_00030203
WholeBody_PETCT_7faf36a152-0_0000,BDMAP_00030204
WholeBody_PETCT_7b42056ee3-0_0000,BDMAP_00030205
WholeBody_PETCT_770ee48d09-0_0000,BDMAP_00030206
WholeBody_PETCT_7a8a062ed5-0_0000,BDMAP_00030207
WholeBody_PETCT_65346b03b8-0_0000,BDMAP_00030208
WholeBody_PETCT_802f19931c-0_0000,BDMAP_00030209
WholeBody_PETCT_816732638d-0_0000,BDMAP_00030210
WholeBody_PETCT_7d97f7a102-0_0000,BDMAP_00030211
WholeBody_PETCT_8aa48809ea-0_0000,BDMAP_00030212
WholeBody_PETCT_73597f33fe-1_0000,BDMAP_00030213
WholeBody_PETCT_7ed037687a-0_0000,BDMAP_00030214
WholeBody_PETCT_7958ce0f7c-0_0000,BDMAP_00030215
WholeBody_PETCT_7e5729ea40-0_0000,BDMAP_00030216
WholeBody_PETCT_86e54ea60a-0_0000,BDMAP_00030217
WholeBody_PETCT_80d7e682f7-0_0000,BDMAP_00030218
WholeBody_PETCT_80ccbdadf9-0_0000,BDMAP_00030219
WholeBody_PETCT_6c660140ca-0_0000,BDMAP_00030220
WholeBody_PETCT_7d01eb835d-0_0000,BDMAP_00030221
WholeBody_PETCT_89fb723947-0_0000,BDMAP_00030222
WholeBody_PETCT_73597f33fe-0_0000,BDMAP_00030223
WholeBody_PETCT_870181d7fd-0_0000,BDMAP_00030224
WholeBody_PETCT_84e7715ed9-0_0000,BDMAP_00030225
WholeBody_PETCT_8b74860ce6-0_0000,BDMAP_00030226
WholeBody_PETCT_791ec15924-0_0000,BDMAP_00030227
WholeBody_PETCT_82137245b0-0_0000,BDMAP_00030228
WholeBody_PETCT_8de6953d23-0_0000,BDMAP_00030229
WholeBody_PETCT_8ec13728df-0_0000,BDMAP_00030230
WholeBody_PETCT_88bcc970b3-0_0000,BDMAP_00030231
WholeBody_PETCT_8e02f36295-0_0000,BDMAP_00030232
WholeBody_PETCT_8a52353a72-0_0000,BDMAP_00030233
WholeBody_PETCT_8c8cd2699c-0_0000,BDMAP_00030234
WholeBody_PETCT_91cfa804b0-0_0000,BDMAP_00030235
WholeBody_PETCT_901573a747-0_0000,BDMAP_00030236
WholeBody_PETCT_92c5c944a5-0_0000,BDMAP_00030237
WholeBody_PETCT_8f2878df50-1_0000,BDMAP_00030238
WholeBody_PETCT_8e905366fe-0_0000,BDMAP_00030239
WholeBody_PETCT_93bea242d1-0_0000,BDMAP_00030240
WholeBody_PETCT_86153b2974-2_0000,BDMAP_00030241
WholeBody_PETCT_9775598501-0_0000,BDMAP_00030242
WholeBody_PETCT_94986389d4-0_0000,BDMAP_00030243
WholeBody_PETCT_963a71819a-0_0000,BDMAP_00030244
WholeBody_PETCT_90ea6a6aaf-0_0000,BDMAP_00030245
WholeBody_PETCT_97320b0b58-0_0000,BDMAP_00030246
WholeBody_PETCT_94962fe878-0_0000,BDMAP_00030247
WholeBody_PETCT_99a7bfad23-0_0000,BDMAP_00030248
WholeBody_PETCT_7ce196485f-0_0000,BDMAP_00030249
WholeBody_PETCT_9b982e72cb-0_0000,BDMAP_00030250
WholeBody_PETCT_9a2c6e618a-0_0000,BDMAP_00030251
WholeBody_PETCT_7b477e7e0d-1_0000,BDMAP_00030252
WholeBody_PETCT_978c395243-0_0000,BDMAP_00030253
WholeBody_PETCT_7785c10e91-0_0000,BDMAP_00030254
WholeBody_PETCT_983a76fd43-0_0000,BDMAP_00030255
WholeBody_PETCT_7fbb39290e-0_0000,BDMAP_00030256
WholeBody_PETCT_98c6af8b90-0_0000,BDMAP_00030257
WholeBody_PETCT_7cfd708a53-0_0000,BDMAP_00030258
WholeBody_PETCT_9d6699f215-0_0000,BDMAP_00030259
WholeBody_PETCT_987c8a1160-0_0000,BDMAP_00030260
WholeBody_PETCT_9837205b34-0_0000,BDMAP_00030261
WholeBody_PETCT_9aa97cf103-0_0000,BDMAP_00030262
WholeBody_PETCT_9c8842d12e-0_0000,BDMAP_00030263
WholeBody_PETCT_9c9a347388-0_0000,BDMAP_00030264
WholeBody_PETCT_9a583160ea-0_0000,BDMAP_00030265
WholeBody_PETCT_7f2a604e03-0_0000,BDMAP_00030266
WholeBody_PETCT_89065bc4ab-0_0000,BDMAP_00030267
WholeBody_PETCT_a19ef8e0d2-0_0000,BDMAP_00030268
WholeBody_PETCT_912a25778f-0_0000,BDMAP_00030269
WholeBody_PETCT_9abb9583ec-0_0000,BDMAP_00030270
WholeBody_PETCT_9afd440677-0_0000,BDMAP_00030271
WholeBody_PETCT_a37da9e85d-0_0000,BDMAP_00030272
WholeBody_PETCT_9ffd8409b3-0_0000,BDMAP_00030273
WholeBody_PETCT_a0c4dc1ef1-0_0000,BDMAP_00030274
WholeBody_PETCT_9f7c68f5ca-0_0000,BDMAP_00030275
WholeBody_PETCT_9f206193d3-0_0000,BDMAP_00030276
WholeBody_PETCT_9da159b835-0_0000,BDMAP_00030277
WholeBody_PETCT_ab1fa26e5e-0_0000,BDMAP_00030278
WholeBody_PETCT_a9d7a14ba1-0_0000,BDMAP_00030279
WholeBody_PETCT_aa27cb9156-0_0000,BDMAP_00030280
WholeBody_PETCT_a3df01d3a3-0_0000,BDMAP_00030281
WholeBody_PETCT_95efdaba3c-0_0000,BDMAP_00030282
WholeBody_PETCT_ac11b344b6-0_0000,BDMAP_00030283
WholeBody_PETCT_979f9c3dba-0_0000,BDMAP_00030284
WholeBody_PETCT_a471649d35-0_0000,BDMAP_00030285
WholeBody_PETCT_a1db71e797-0_0000,BDMAP_00030286
WholeBody_PETCT_a2a68bbe97-0_0000,BDMAP_00030287
WholeBody_PETCT_a82f03863a-0_0000,BDMAP_00030288
WholeBody_PETCT_a7b323b3fd-0_0000,BDMAP_00030289
WholeBody_PETCT_a4cd2b10de-2_0000,BDMAP_00030290
WholeBody_PETCT_ac75e49284-0_0000,BDMAP_00030291
WholeBody_PETCT_aea7906fd2-0_0000,BDMAP_00030292
WholeBody_PETCT_ae3074834a-0_0000,BDMAP_00030293
WholeBody_PETCT_99e5728030-0_0000,BDMAP_00030294
WholeBody_PETCT_b2f82ed4b9-1_0000,BDMAP_00030295
WholeBody_PETCT_94cc0dac49-0_0000,BDMAP_00030296
WholeBody_PETCT_9521502dbb-0_0000,BDMAP_00030297
WholeBody_PETCT_b1219c408b-0_0000,BDMAP_00030298
WholeBody_PETCT_ad7c6a4a58-0_0000,BDMAP_00030299
WholeBody_PETCT_b327726c24-0_0000,BDMAP_00030300
WholeBody_PETCT_ae96f738c0-0_0000,BDMAP_00030301
WholeBody_PETCT_ad7cd4a9d2-0_0000,BDMAP_00030302
WholeBody_PETCT_ae8c77a995-0_0000,BDMAP_00030303
WholeBody_PETCT_b258dfa7c2-0_0000,BDMAP_00030304
WholeBody_PETCT_b04be2846e-0_0000,BDMAP_00030305
WholeBody_PETCT_aee7d68f86-0_0000,BDMAP_00030306
WholeBody_PETCT_b1aa7ce13e-0_0000,BDMAP_00030307
WholeBody_PETCT_b3d4773f85-0_0000,BDMAP_00030308
WholeBody_PETCT_b2244b5591-0_0000,BDMAP_00030309
WholeBody_PETCT_b899150306-0_0000,BDMAP_00030310
WholeBody_PETCT_b6fc20942c-0_0000,BDMAP_00030311
WholeBody_PETCT_b510436d83-1_0000,BDMAP_00030312
WholeBody_PETCT_b509ace2a2-0_0000,BDMAP_00030313
WholeBody_PETCT_b510436d83-0_0000,BDMAP_00030314
WholeBody_PETCT_bd52fdf529-0_0000,BDMAP_00030315
WholeBody_PETCT_bca97006e4-0_0000,BDMAP_00030316
WholeBody_PETCT_b6a3c72db6-0_0000,BDMAP_00030317
WholeBody_PETCT_b53ba7c6bf-0_0000,BDMAP_00030318
WholeBody_PETCT_b41bc7c1e5-0_0000,BDMAP_00030319
WholeBody_PETCT_b6a1ee33ef-0_0000,BDMAP_00030320
WholeBody_PETCT_bd7c02faa9-0_0000,BDMAP_00030321
WholeBody_PETCT_baacf43b4f-0_0000,BDMAP_00030322
WholeBody_PETCT_b52920038c-0_0000,BDMAP_00030323
WholeBody_PETCT_a4ff5d0d9d-0_0000,BDMAP_00030324
WholeBody_PETCT_b5923963ac-0_0000,BDMAP_00030325
WholeBody_PETCT_b7c1533a39-0_0000,BDMAP_00030326
WholeBody_PETCT_bf178a41b2-0_0000,BDMAP_00030327
WholeBody_PETCT_a61d8768d0-0_0000,BDMAP_00030328
WholeBody_PETCT_bf7652bccc-0_0000,BDMAP_00030329
WholeBody_PETCT_bacc741e2c-0_0000,BDMAP_00030330
WholeBody_PETCT_ba717a1f22-0_0000,BDMAP_00030331
WholeBody_PETCT_bbb83facb4-0_0000,BDMAP_00030332
WholeBody_PETCT_a86b2dc6ce-0_0000,BDMAP_00030333
WholeBody_PETCT_be3e55a32f-0_0000,BDMAP_00030334
WholeBody_PETCT_bb45bfcffd-0_0000,BDMAP_00030335
WholeBody_PETCT_bfd89440db-0_0000,BDMAP_00030336
WholeBody_PETCT_c16c13211c-0_0000,BDMAP_00030337
WholeBody_PETCT_c4a686881e-0_0000,BDMAP_00030338
WholeBody_PETCT_a86b3fad40-0_0000,BDMAP_00030339
WholeBody_PETCT_c58477f3b4-0_0000,BDMAP_00030340
WholeBody_PETCT_c29aba73da-0_0000,BDMAP_00030341
WholeBody_PETCT_a1bc00ad60-0_0000,BDMAP_00030342
WholeBody_PETCT_bd7603e9df-0_0000,BDMAP_00030343
WholeBody_PETCT_c3cc732d95-0_0000,BDMAP_00030344
WholeBody_PETCT_cb1f5e74ab-0_0000,BDMAP_00030345
WholeBody_PETCT_c799ccc2f6-0_0000,BDMAP_00030346
WholeBody_PETCT_c73c2685c0-0_0000,BDMAP_00030347
WholeBody_PETCT_c2a51a65c6-0_0000,BDMAP_00030348
WholeBody_PETCT_ab953a5230-0_0000,BDMAP_00030349
WholeBody_PETCT_c517c47bed-0_0000,BDMAP_00030350
WholeBody_PETCT_ca47fe5e7d-0_0000,BDMAP_00030351
WholeBody_PETCT_d4112bc7ba-0_0000,BDMAP_00030352
WholeBody_PETCT_af73b85f2c-0_0000,BDMAP_00030353
WholeBody_PETCT_ca58410fad-0_0000,BDMAP_00030354
WholeBody_PETCT_ca89066e44-0_0000,BDMAP_00030355
WholeBody_PETCT_c898e2abcb-0_0000,BDMAP_00030356
WholeBody_PETCT_cbbc9e2879-0_0000,BDMAP_00030357
WholeBody_PETCT_cc5c58c82d-0_0000,BDMAP_00030358
WholeBody_PETCT_d4b2ff9721-0_0000,BDMAP_00030359
WholeBody_PETCT_d206b891ee-0_0000,BDMAP_00030360
WholeBody_PETCT_c16d325d12-0_0000,BDMAP_00030361
WholeBody_PETCT_d393ab6c7b-0_0000,BDMAP_00030362
WholeBody_PETCT_d1c8141930-0_0000,BDMAP_00030363
WholeBody_PETCT_bc80d06f97-0_0000,BDMAP_00030364
WholeBody_PETCT_d51664a9e4-0_0000,BDMAP_00030365
WholeBody_PETCT_cd2ef932b5-0_0000,BDMAP_00030366
WholeBody_PETCT_d46f0109f8-0_0000,BDMAP_00030367
WholeBody_PETCT_d69eabbb20-0_0000,BDMAP_00030368
WholeBody_PETCT_d51bacdaba-0_0000,BDMAP_00030369
WholeBody_PETCT_c252d734a0-0_0000,BDMAP_00030370
WholeBody_PETCT_d3d61785e6-0_0000,BDMAP_00030371
WholeBody_PETCT_d31c9ebd93-0_0000,BDMAP_00030372
WholeBody_PETCT_d674a028b1-0_0000,BDMAP_00030373
WholeBody_PETCT_d40a16781a-0_0000,BDMAP_00030374
WholeBody_PETCT_d951eeb735-0_0000,BDMAP_00030375
WholeBody_PETCT_d8a92bafe3-0_0000,BDMAP_00030376
WholeBody_PETCT_db3daf78d2-0_0000,BDMAP_00030377
WholeBody_PETCT_bdd21f5590-0_0000,BDMAP_00030378
WholeBody_PETCT_d3dac0d1cd-0_0000,BDMAP_00030379
WholeBody_PETCT_d65cf203be-0_0000,BDMAP_00030380
WholeBody_PETCT_d69c3fceba-0_0000,BDMAP_00030381
WholeBody_PETCT_dac5cd2a4d-0_0000,BDMAP_00030382
WholeBody_PETCT_cf20ad1656-0_0000,BDMAP_00030383
WholeBody_PETCT_dc6174cb5d-0_0000,BDMAP_00030384
WholeBody_PETCT_d6de1252d9-0_0000,BDMAP_00030385
WholeBody_PETCT_da6161d7eb-0_0000,BDMAP_00030386
WholeBody_PETCT_dc6174cb5d-1_0000,BDMAP_00030387
WholeBody_PETCT_dd975744e7-0_0000,BDMAP_00030388
WholeBody_PETCT_e03b96666f-0_0000,BDMAP_00030389
WholeBody_PETCT_caae8d63f0-0_0000,BDMAP_00030390
WholeBody_PETCT_dd68a71e0a-0_0000,BDMAP_00030391
WholeBody_PETCT_d63f6162a6-0_0000,BDMAP_00030392
WholeBody_PETCT_e0aa99fa04-0_0000,BDMAP_00030393
WholeBody_PETCT_de118d7ab9-0_0000,BDMAP_00030394
WholeBody_PETCT_d5103c8fbf-0_0000,BDMAP_00030395
WholeBody_PETCT_dd8f9f217c-0_0000,BDMAP_00030396
WholeBody_PETCT_ddbb3c69f0-0_0000,BDMAP_00030397
WholeBody_PETCT_e44480b9b8-0_0000,BDMAP_00030398
WholeBody_PETCT_ddca6cfba6-0_0000,BDMAP_00030399
WholeBody_PETCT_e1a4145b63-0_0000,BDMAP_00030400
WholeBody_PETCT_e9e1a391b5-0_0000,BDMAP_00030401
WholeBody_PETCT_d4f3375362-0_0000,BDMAP_00030402
WholeBody_PETCT_cab58c1fee-0_0000,BDMAP_00030403
WholeBody_PETCT_e252be4334-0_0000,BDMAP_00030404
WholeBody_PETCT_cdd237e9b3-0_0000,BDMAP_00030405
WholeBody_PETCT_d7ca3d4aaa-0_0000,BDMAP_00030406
WholeBody_PETCT_e77124b7f4-0_0000,BDMAP_00030407
WholeBody_PETCT_e61c9da258-0_0000,BDMAP_00030408
WholeBody_PETCT_e04b7fa860-0_0000,BDMAP_00030409
WholeBody_PETCT_e4749cda88-0_0000,BDMAP_00030410
WholeBody_PETCT_e69152b6b4-0_0000,BDMAP_00030411
WholeBody_PETCT_ea42c88cc7-0_0000,BDMAP_00030412
WholeBody_PETCT_d8d9e52cd5-3_0000,BDMAP_00030413
WholeBody_PETCT_d8d9e52cd5-0_0000,BDMAP_00030414
WholeBody_PETCT_e2834e6f5c-0_0000,BDMAP_00030415
WholeBody_PETCT_d8d9e52cd5-2_0000,BDMAP_00030416
WholeBody_PETCT_e4712dc58c-0_0000,BDMAP_00030417
WholeBody_PETCT_e77c5fca12-0_0000,BDMAP_00030418
WholeBody_PETCT_ede28cc3c2-0_0000,BDMAP_00030419
WholeBody_PETCT_ea051a3e6c-0_0000,BDMAP_00030420
WholeBody_PETCT_ec6b934720-0_0000,BDMAP_00030421
WholeBody_PETCT_ea6c621616-0_0000,BDMAP_00030422
WholeBody_PETCT_ed9fa4eff1-0_0000,BDMAP_00030423
WholeBody_PETCT_ea0fd89f0f-0_0000,BDMAP_00030424
WholeBody_PETCT_d626611daf-4_0000,BDMAP_00030425
WholeBody_PETCT_ed9dca00d2-0_0000,BDMAP_00030426
WholeBody_PETCT_d8d9e52cd5-1_0000,BDMAP_00030427
WholeBody_PETCT_efd619ecbf-0_0000,BDMAP_00030428
WholeBody_PETCT_ebb0045704-0_0000,BDMAP_00030429
WholeBody_PETCT_ec581d49ef-0_0000,BDMAP_00030430
WholeBody_PETCT_eeeda112bb-0_0000,BDMAP_00030431
WholeBody_PETCT_ee97822c60-0_0000,BDMAP_00030432
WholeBody_PETCT_f1501b1f45-0_0000,BDMAP_00030433
WholeBody_PETCT_dadcd69ba9-0_0000,BDMAP_00030434
WholeBody_PETCT_ec581d49ef-1_0000,BDMAP_00030435
WholeBody_PETCT_f01e83894d-0_0000,BDMAP_00030436
WholeBody_PETCT_eafa147e24-0_0000,BDMAP_00030437
WholeBody_PETCT_ef9d41b836-0_0000,BDMAP_00030438
WholeBody_PETCT_f4668d2bdc-0_0000,BDMAP_00030439
WholeBody_PETCT_f4813007a0-0_0000,BDMAP_00030440
WholeBody_PETCT_d9da6129f8-0_0000,BDMAP_00030441
WholeBody_PETCT_f21755a99b-0_0000,BDMAP_00030442
WholeBody_PETCT_ea9302fb0f-0_0000,BDMAP_00030443
WholeBody_PETCT_f5c2c09846-0_0000,BDMAP_00030444
WholeBody_PETCT_f144b214af-0_0000,BDMAP_00030445
WholeBody_PETCT_f2f28337ba-0_0000,BDMAP_00030446
WholeBody_PETCT_f11f3d3692-0_0000,BDMAP_00030447
WholeBody_PETCT_e79291780d-0_0000,BDMAP_00030448
WholeBody_PETCT_fe705ea1cc-1_0000,BDMAP_00030449
WholeBody_PETCT_fbd907a179-0_0000,BDMAP_00030450
WholeBody_PETCT_f47e31ceb5-0_0000,BDMAP_00030451
WholeBody_PETCT_fb014a1ea0-0_0000,BDMAP_00030452
WholeBody_PETCT_f60ea3abc5-0_0000,BDMAP_00030453
WholeBody_PETCT_f7067b7bbb-0_0000,BDMAP_00030454
WholeBody_PETCT_fde66dd53a-0_0000,BDMAP_00030455
WholeBody_PETCT_faf4a6dbaa-0_0000,BDMAP_00030456
WholeBody_PETCT_f65602d938-0_0000,BDMAP_00030457
WholeBody_PETCT_f9e0c504af-0_0000,BDMAP_00030458
WholeBody_PETCT_e9be8ec30f-0_0000,BDMAP_00030459
WholeBody_PETCT_f9c4d4f9ab-0_0000,BDMAP_00030460
WholeBody_PETCT_f1ca0f7c4c-0_0000,BDMAP_00030461
WholeBody_PETCT_f5c9b0de6c-0_0000,BDMAP_00030462
WholeBody_PETCT_fde79b6aa9-1_0000,BDMAP_00030463
WholeBody_PETCT_f637b5930b-0_0000,BDMAP_00030464
WholeBody_PETCT_f37014ec85-0_0000,BDMAP_00030465
WholeBody_PETCT_f24f3ce1da-0_0000,BDMAP_00030466
WholeBody_PETCT_fcdbe15200-0_0000,BDMAP_00030467
